-- phpMyAdmin SQL Dump
-- version 5.2.1
-- https://www.phpmyadmin.net/
--
-- Host: 127.0.0.1
-- Tempo de geração: 07/02/2025 às 23:35
-- Versão do servidor: 10.4.32-MariaDB
-- Versão do PHP: 8.0.30

SET SQL_MODE = "NO_AUTO_VALUE_ON_ZERO";
START TRANSACTION;
SET time_zone = "+00:00";


/*!40101 SET @OLD_CHARACTER_SET_CLIENT=@@CHARACTER_SET_CLIENT */;
/*!40101 SET @OLD_CHARACTER_SET_RESULTS=@@CHARACTER_SET_RESULTS */;
/*!40101 SET @OLD_COLLATION_CONNECTION=@@COLLATION_CONNECTION */;
/*!40101 SET NAMES utf8mb4 */;

--
-- Banco de dados: `ecologica`
--

-- --------------------------------------------------------

--
-- Estrutura para tabela `noticias`
--

CREATE TABLE `noticias` (
  `id` int(11) NOT NULL,
  `titulo` varchar(255) NOT NULL,
  `subtitulo` varchar(255) NOT NULL,
  `conteudo` text NOT NULL,
  `imagem_principal` varchar(255) NOT NULL,
  `em_destaque` tinyint(1) DEFAULT 0,
  `data_criacao` timestamp NOT NULL DEFAULT current_timestamp()
) ENGINE=InnoDB DEFAULT CHARSET=utf8mb4 COLLATE=utf8mb4_general_ci;

--
-- Despejando dados para a tabela `noticias`
--

INSERT INTO `noticias` (`id`, `titulo`, `subtitulo`, `conteudo`, `imagem_principal`, `em_destaque`, `data_criacao`) VALUES
(2, 'Impacto dos Resíduos Plásticos nas Praias do Maranhão', 'Descarte inadequado de lixo afeta a biodiversidade marinha e as comunidades locais.', '<p>Na &uacute;ltima semana, autoridades ambientais alertaram para o aumento do descarte inadequado de res&iacute;duos pl&aacute;sticos nas praias do Maranh&atilde;o, afetando tanto a vida marinha quanto as comunidades que dependem do turismo e da pesca. O problema, que se intensificou nas &uacute;ltimas d&eacute;cadas, agora atinge algumas das praias mais visitadas do estado.</p>\r\n\r\n<p>A presen&ccedil;a de pl&aacute;sticos nas &aacute;guas e areias tem causado s&eacute;rios danos aos ecossistemas locais, com a morte de v&aacute;rias esp&eacute;cies marinhas que ingerem ou ficam presas em detritos. Al&eacute;m disso, o pl&aacute;stico pode demorar centenas de anos para se decompor, causando impactos duradouros nos ambientes naturais e na sa&uacute;de p&uacute;blica.</p>\r\n\r\n<p>Organiza&ccedil;&otilde;es n&atilde;o governamentais e cidad&atilde;os est&atilde;o se unindo para promover a limpeza das praias e a conscientiza&ccedil;&atilde;o sobre o descarte correto de res&iacute;duos. &quot;Precisamos agir agora para evitar que o problema se agrave ainda mais&quot;, afirmou um representante de uma ONG local.</p>\r\n\r\n<p>A Capitania dos Portos e o IBAMA est&atilde;o monitorando a situa&ccedil;&atilde;o e trabalhando junto com os munic&iacute;pios para implementar estrat&eacute;gias de gest&atilde;o de res&iacute;duos s&oacute;lidos. O governo estadual tamb&eacute;m anunciou um projeto de revitaliza&ccedil;&atilde;o das &aacute;reas afetadas e de educa&ccedil;&atilde;o ambiental nas escolas.</p>\r\n\r\n<p>As autoridades pedem que a popula&ccedil;&atilde;o colabore com a preserva&ccedil;&atilde;o das praias e ajudem a evitar que mais pl&aacute;sticos cheguem ao mar. A conscientiza&ccedil;&atilde;o &eacute; essencial para preservar o patrim&ocirc;nio natural do Maranh&atilde;o e garantir a sa&uacute;de do meio ambiente e das futuras gera&ccedil;&otilde;es.</p>\r\n', 'praia.jpg', 0, '2024-11-20 23:41:28'),
(4, 'Aviação Sustentável: O Futuro dos Aviões com Combustível Ecológico', 'Indústria da aviação busca alternativas para reduzir a pegada de carbono dos voos comerciais.', '<p>Nos &uacute;ltimos anos, a avia&ccedil;&atilde;o tem enfrentado uma press&atilde;o crescente para reduzir suas emiss&otilde;es de gases de efeito estufa. Como um dos maiores emissores de CO₂, a ind&uacute;stria est&aacute; buscando solu&ccedil;&otilde;es inovadoras para se tornar mais sustent&aacute;vel, com foco em avi&otilde;es movidos a combust&iacute;veis ecol&oacute;gicos e tecnologias de ponta.</p>\r\n\r\n<p>Uma das alternativas mais promissoras &eacute; o uso de <strong>combust&iacute;veis sustent&aacute;veis para avia&ccedil;&atilde;o</strong> (SAF, na sigla em ingl&ecirc;s). Esses combust&iacute;veis s&atilde;o produzidos a partir de mat&eacute;rias-primas renov&aacute;veis, como &oacute;leos vegetais e res&iacute;duos org&acirc;nicos, podendo reduzir at&eacute; <strong>80% das emiss&otilde;es de carbono</strong> em compara&ccedil;&atilde;o aos combust&iacute;veis f&oacute;sseis tradicionais.</p>\r\n\r\n<p>As grandes companhias a&eacute;reas, como a <strong>Lufthansa e a United Airlines</strong>, j&aacute; est&atilde;o testando voos comerciais com SAF, enquanto fabricantes como a <strong>Airbus</strong> e a <strong>Boeing</strong> est&atilde;o investindo em avi&otilde;es que podem ser totalmente movidos por fontes de energia renov&aacute;veis. O objetivo &eacute; reduzir drasticamente a pegada de carbono da avia&ccedil;&atilde;o, que contribui significativamente para as mudan&ccedil;as clim&aacute;ticas.</p>\r\n\r\n<p>Al&eacute;m dos combust&iacute;veis sustent&aacute;veis, a ind&uacute;stria tamb&eacute;m est&aacute; explorando <strong>tecnologias de propuls&atilde;o el&eacute;trica</strong> e <strong>avi&otilde;es h&iacute;bridos</strong>. Esses avi&otilde;es t&ecirc;m o potencial de mudar a maneira como os voos curtos e m&eacute;dios s&atilde;o realizados, com menor impacto ambiental.</p>\r\n\r\n<p>Embora os custos desses novos combust&iacute;veis e tecnologias ainda sejam elevados, os especialistas acreditam que com o aumento da produ&ccedil;&atilde;o e o desenvolvimento de pol&iacute;ticas p&uacute;blicas de incentivo, a avia&ccedil;&atilde;o sustent&aacute;vel ser&aacute; uma realidade no futuro pr&oacute;ximo.</p>\r\n\r\n<p>O setor est&aacute; passando por uma transforma&ccedil;&atilde;o e, com o avan&ccedil;o das inova&ccedil;&otilde;es tecnol&oacute;gicas, podemos esperar que a avia&ccedil;&atilde;o comercial seja muito mais verde nas pr&oacute;ximas d&eacute;cadas, contribuindo para um futuro mais sustent&aacute;vel para o planeta.</p>\r\n\r\n<p>A ind&uacute;stria da avia&ccedil;&atilde;o est&aacute; no caminho certo para se tornar mais sustent&aacute;vel, mas ainda existem muitos desafios a serem enfrentados. Com mais investimentos em pesquisa e desenvolvimento, podemos esperar que os avi&otilde;es do futuro sejam movidos por energias mais limpas e renov&aacute;veis, ajudando a combater as mudan&ccedil;as clim&aacute;ticas e preservar o meio ambiente.</p>\r\n', 'aviao.jpg', 0, '2024-11-21 00:18:40'),
(13, 'Cidades buscam soluções inovadoras para combater enchentes causadas pela má infraestrutura ambiental.', 'Especialistas apontam alternativas sustentáveis para reduzir impactos das chuvas intensas', '<p>Com o aumento da frequ&ecirc;ncia e intensidade das chuvas, muitas cidades brasileiras enfrentam enchentes agravadas pela m&aacute; infraestrutura ambiental. A impermeabiliza&ccedil;&atilde;o excessiva do solo, a falta de planejamento urbano e a aus&ecirc;ncia de sistemas eficientes de drenagem contribuem para alagamentos que prejudicam moradores e causam danos estruturais.</p>\r\n\r\n<p>Diante desse cen&aacute;rio, gestores p&uacute;blicos e especialistas t&ecirc;m buscado solu&ccedil;&otilde;es inovadoras para mitigar os impactos das enchentes. Entre as principais medidas discutidas, destacam-se a implementa&ccedil;&atilde;o de pavimentos perme&aacute;veis, a cria&ccedil;&atilde;o de parques fluviais e a recupera&ccedil;&atilde;o de &aacute;reas verdes.</p>\r\n\r\n<p>Os pavimentos perme&aacute;veis, feitos com materiais porosos, permitem a absor&ccedil;&atilde;o da &aacute;gua da chuva, reduzindo o ac&uacute;mulo de &aacute;gua nas ruas. J&aacute; os parques fluviais s&atilde;o &aacute;reas de vegeta&ccedil;&atilde;o natural que ajudam a conter o avan&ccedil;o das &aacute;guas, funcionando como uma esp&eacute;cie de esponja para os per&iacute;odos de cheia.</p>\r\n\r\n<p>Outra estrat&eacute;gia essencial &eacute; a despolui&ccedil;&atilde;o e o desassoreamento dos rios urbanos, evitando que o ac&uacute;mulo de lixo e sedimentos obstrua o fluxo da &aacute;gua. Al&eacute;m disso, programas de conscientiza&ccedil;&atilde;o ambiental e o incentivo &agrave; coleta seletiva podem reduzir o descarte inadequado de res&iacute;duos, um dos principais agravantes das inunda&ccedil;&otilde;es.</p>\r\n\r\n<p>Para a engenheira ambiental Mariana Souza, a adapta&ccedil;&atilde;o das cidades &agrave;s mudan&ccedil;as clim&aacute;ticas deve ser prioridade. &ldquo;Precisamos repensar o planejamento urbano para incluir solu&ccedil;&otilde;es baseadas na natureza, como telhados verdes e jardins de chuva, que ajudam na drenagem e melhoram a qualidade ambiental&rdquo;, explica.</p>\r\n\r\n<p>Algumas cidades j&aacute; come&ccedil;am a investir em tecnologias inteligentes para monitoramento de chuvas e alertas de enchentes, utilizando sensores e intelig&ecirc;ncia artificial para prever e minimizar os danos. Esses sistemas auxiliam na tomada de decis&otilde;es r&aacute;pidas, protegendo vidas e reduzindo preju&iacute;zos econ&ocirc;micos.</p>\r\n\r\n<p>Embora os desafios sejam grandes, especialistas acreditam que, com pol&iacute;ticas p&uacute;blicas eficazes e investimentos em infraestrutura sustent&aacute;vel, &eacute; poss&iacute;vel construir cidades mais resilientes &agrave;s chuvas e enchentes. O engajamento da popula&ccedil;&atilde;o e o compromisso das autoridades s&atilde;o fundamentais para transformar a realidade urbana e evitar trag&eacute;dias futuras.</p>\r\n', '000_34QX3V2.jpg', 0, '2025-01-30 12:22:28'),
(14, 'Cidades apostam em energia limpa para reduzir impactos ambientais.', 'Fontes renováveis ganham espaço na matriz energética brasileira e ajudam a preservar o meio ambiente.', '<p>Com o aumento da preocupa&ccedil;&atilde;o com as mudan&ccedil;as clim&aacute;ticas, diversas cidades brasileiras t&ecirc;m investido em fontes de energia limpa para reduzir a emiss&atilde;o de gases poluentes e minimizar os impactos ambientais. A substitui&ccedil;&atilde;o de combust&iacute;veis f&oacute;sseis por alternativas renov&aacute;veis, como a energia solar, e&oacute;lica e biomassa, tem sido apontada como uma solu&ccedil;&atilde;o eficaz para a crise clim&aacute;tica.</p>\r\n\r\n<p>A energia solar, por exemplo, vem ganhando cada vez mais espa&ccedil;o em resid&ecirc;ncias, empresas e espa&ccedil;os p&uacute;blicos. A instala&ccedil;&atilde;o de pain&eacute;is fotovoltaicos permite a gera&ccedil;&atilde;o de eletricidade de forma sustent&aacute;vel, reduzindo a depend&ecirc;ncia de fontes tradicionais e diminuindo os custos a longo prazo.</p>\r\n\r\n<p>Outra alternativa promissora &eacute; a energia e&oacute;lica, que tem se expandido principalmente no Nordeste brasileiro, onde os ventos constantes favorecem a produ&ccedil;&atilde;o eficiente. Parques e&oacute;licos t&ecirc;m sido implantados para atender &agrave; crescente demanda por energia limpa e renov&aacute;vel.</p>\r\n\r\n<p>A biomassa tamb&eacute;m se apresenta como uma op&ccedil;&atilde;o vi&aacute;vel, utilizando res&iacute;duos org&acirc;nicos para gerar eletricidade e calor. Essa t&eacute;cnica contribui para o reaproveitamento de materiais que, de outra forma, seriam descartados de maneira inadequada.</p>\r\n\r\n<p>Para o especialista em energias renov&aacute;veis Lucas Ferreira, a transi&ccedil;&atilde;o para fontes sustent&aacute;veis deve ser uma prioridade. &ldquo;O investimento em energia limpa n&atilde;o apenas reduz a pegada de carbono, mas tamb&eacute;m gera empregos e impulsiona a economia verde&rdquo;, afirma.</p>\r\n\r\n<p>Al&eacute;m do uso de fontes renov&aacute;veis, diversas cidades t&ecirc;m adotado programas de efici&ecirc;ncia energ&eacute;tica, incentivando a substitui&ccedil;&atilde;o de l&acirc;mpadas convencionais por modelos LED, a instala&ccedil;&atilde;o de sensores de presen&ccedil;a em edif&iacute;cios p&uacute;blicos e a implementa&ccedil;&atilde;o de sistemas inteligentes para o controle do consumo el&eacute;trico.</p>\r\n\r\n<p>Embora ainda existam desafios, como o alto custo inicial de algumas tecnologias, especialistas acreditam que, com incentivos governamentais e pol&iacute;ticas p&uacute;blicas bem estruturadas, &eacute; poss&iacute;vel ampliar o uso de energia limpa e tornar as cidades mais sustent&aacute;veis. O engajamento da sociedade e o apoio das autoridades s&atilde;o fundamentais para construir um futuro mais verde e equilibrado.</p>\r\n', 'energia-limpa-1.jpg', 1, '2025-01-30 12:24:51'),
(15, 'Biologia Ambiental', 'Biologia Ambiental: Ciência Crucial na Proteção dos Ecossistemas e Combate às Mudanças Climáticas', '<p>A biologia ambiental tem se consolidado como uma das &aacute;reas mais importantes da ci&ecirc;ncia moderna, especialmente diante dos desafios ambientais que o planeta enfrenta. Com foco na compreens&atilde;o dos organismos e seus ecossistemas, essa disciplina estuda a intera&ccedil;&atilde;o entre as esp&eacute;cies e os impactos das atividades humanas nos habitats naturais, buscando solu&ccedil;&otilde;es para a conserva&ccedil;&atilde;o da biodiversidade e a mitiga&ccedil;&atilde;o dos efeitos das mudan&ccedil;as clim&aacute;ticas.</p>\r\n\r\n<p>Pesquisadores na &aacute;rea de biologia ambiental trabalham para entender como as esp&eacute;cies interagem com seu ambiente, como os ecossistemas funcionam e de que forma a degrada&ccedil;&atilde;o ambiental afeta esses processos naturais. Isso inclui estudar os impactos da polui&ccedil;&atilde;o, do desmatamento, da ca&ccedil;a ilegal e da agricultura intensiva, que est&atilde;o destruindo habitats e colocando em risco in&uacute;meras esp&eacute;cies.</p>\r\n\r\n<p>De acordo com especialistas, a biologia ambiental tamb&eacute;m desempenha um papel fundamental na restaura&ccedil;&atilde;o ecol&oacute;gica. Ao estudar as intera&ccedil;&otilde;es entre plantas, animais e o solo, os bi&oacute;logos ambientais conseguem desenvolver estrat&eacute;gias para restaurar &aacute;reas degradadas, como reflorestamento, recupera&ccedil;&atilde;o de &aacute;reas de preserva&ccedil;&atilde;o permanente e recupera&ccedil;&atilde;o de corpos d&#39;&aacute;gua polu&iacute;dos.</p>\r\n\r\n<p>Um exemplo recente de sucesso vem do trabalho de bi&oacute;logos ambientais no Pantanal, onde iniciativas de monitoramento e preserva&ccedil;&atilde;o de esp&eacute;cies como a on&ccedil;a-pintada t&ecirc;m gerado resultados promissores. &quot;Esses estudos s&atilde;o vitais para entender como os animais se adaptam a mudan&ccedil;as em seus habitats e como podemos criar corredores ecol&oacute;gicos que conectem diferentes &aacute;reas de conserva&ccedil;&atilde;o&quot;, explicou Fernanda Costa, bi&oacute;loga que lidera um projeto de monitoramento da fauna no Pantanal.</p>\r\n\r\n<p>Al&eacute;m disso, a biologia ambiental &eacute; essencial para o desenvolvimento de pol&iacute;ticas p&uacute;blicas voltadas &agrave; sustentabilidade. Profissionais dessa &aacute;rea colaboram com governos e organiza&ccedil;&otilde;es n&atilde;o governamentais para criar legisla&ccedil;&otilde;es mais eficazes para a prote&ccedil;&atilde;o de esp&eacute;cies amea&ccedil;adas e a promo&ccedil;&atilde;o de pr&aacute;ticas agr&iacute;colas e industriais mais sustent&aacute;veis.</p>\r\n\r\n<p>A educa&ccedil;&atilde;o ambiental tamb&eacute;m &eacute; uma &aacute;rea importante dentro da biologia ambiental, uma vez que &eacute; fundamental conscientizar a popula&ccedil;&atilde;o sobre a import&acirc;ncia de preservar os ecossistemas e reduzir a pegada ecol&oacute;gica. A forma&ccedil;&atilde;o de novos bi&oacute;logos ambientais e a pesquisa cont&iacute;nua sobre como os ecossistemas respondem a diferentes press&otilde;es humanas s&atilde;o essenciais para garantir um futuro mais sustent&aacute;vel.</p>\r\n\r\n<p>Em um cen&aacute;rio global em que a biodiversidade est&aacute; sendo constantemente amea&ccedil;ada e os impactos das mudan&ccedil;as clim&aacute;ticas se tornam mais evidentes, a biologia ambiental se destaca como uma ci&ecirc;ncia estrat&eacute;gica para a conserva&ccedil;&atilde;o da natureza e o desenvolvimento de solu&ccedil;&otilde;es inovadoras para os problemas ambientais mais urgentes.</p>\r\n', 'environmental-protection-683437_1280.jpg', 0, '2025-01-30 12:26:51'),
(16, 'Brasil sem árvores?', 'Projeto de Reflorestamento em Áreas Degradadas Ganha Força no Brasil', '<p>O Brasil deu mais um passo significativo para combater as mudan&ccedil;as clim&aacute;ticas e recuperar &aacute;reas degradadas com o lan&ccedil;amento de um grande projeto de reflorestamento. O projeto, que visa a restaura&ccedil;&atilde;o de 50 mil hectares de terra no pa&iacute;s, envolve a colabora&ccedil;&atilde;o entre governos estaduais, organiza&ccedil;&otilde;es ambientais e empresas privadas.&nbsp;</p>\r\n\r\n<p>De acordo com especialistas, a recupera&ccedil;&atilde;o das florestas tropicais &eacute; crucial para a mitiga&ccedil;&atilde;o dos efeitos das mudan&ccedil;as clim&aacute;ticas, pois essas &aacute;reas s&atilde;o fundamentais para o armazenamento de carbono e a manuten&ccedil;&atilde;o da biodiversidade. Al&eacute;m disso, o reflorestamento tem o potencial de ajudar na melhoria da qualidade do solo e na preserva&ccedil;&atilde;o dos recursos h&iacute;dricos.</p>\r\n\r\n<p>A iniciativa inclui o plantio de esp&eacute;cies nativas da Mata Atl&acirc;ntica e da Amaz&ocirc;nia, que s&atilde;o adaptadas ao clima local e oferecem um habitat crucial para a fauna brasileira. A escolha das &aacute;reas a serem restauradas leva em conta a degrada&ccedil;&atilde;o do solo, a perda de biodiversidade e os impactos das atividades humanas.</p>\r\n\r\n<p>&quot;Esse projeto n&atilde;o &eacute; apenas uma a&ccedil;&atilde;o de recupera&ccedil;&atilde;o ambiental, mas tamb&eacute;m uma oportunidade de gera&ccedil;&atilde;o de emprego e desenvolvimento sustent&aacute;vel para as comunidades locais&quot;, afirmou Maria Clara Souza, coordenadora do projeto. &quot;Al&eacute;m disso, ao envolver diferentes setores da sociedade, esperamos fortalecer o compromisso com a preserva&ccedil;&atilde;o ambiental no longo prazo.&quot;</p>\r\n\r\n<p>O governo federal tamb&eacute;m se comprometeu a oferecer incentivos fiscais para empresas que se envolverem em pr&aacute;ticas de reflorestamento, refor&ccedil;ando o potencial desse tipo de a&ccedil;&atilde;o para o futuro ecol&oacute;gico do Brasil.</p>\r\n\r\n<p>Com o aumento das secas, inc&ecirc;ndios florestais e desmatamento, a&ccedil;&otilde;es como esta s&atilde;o vistas como vitais para a prote&ccedil;&atilde;o de ecossistemas essenciais e a promo&ccedil;&atilde;o de uma economia mais verde. A expectativa &eacute; que o projeto sirva como modelo para outras regi&otilde;es do mundo, inspirando a&ccedil;&otilde;es globais para o enfrentamento da crise clim&aacute;tica.</p>\r\n\r\n<p>&nbsp;</p>\r\n', 'arvore.webp', 0, '2025-01-30 12:28:43'),
(17, 'O Brasil é o quarto país que mais produz lixo no mundo', 'O Desafio do Lixo no Brasil: Caminhos para uma Gestão Sustentável', '<p>A crescente quantidade de lixo gerado no Brasil tem se tornado um dos maiores desafios ambientais do pa&iacute;s. De acordo com a Associa&ccedil;&atilde;o Brasileira de Empresas de Limpeza P&uacute;blica e Res&iacute;duos Especiais (Abrelpe), o Brasil gera cerca de 79 milh&otilde;es de toneladas de res&iacute;duos s&oacute;lidos por ano, e uma grande parte desses materiais n&atilde;o &eacute; corretamente reciclada ou descartada, comprometendo a sa&uacute;de p&uacute;blica e o meio ambiente.</p>\r\n\r\n<p>Os res&iacute;duos pl&aacute;sticos, em particular, representam um problema grave. Estima-se que 10 milh&otilde;es de toneladas de pl&aacute;stico sejam despejadas nos oceanos anualmente, com consequ&ecirc;ncias devastadoras para a vida marinha e ecossistemas costeiros. Al&eacute;m disso, o lixo mal gerido tamb&eacute;m pode contaminar solos e cursos d&rsquo;&aacute;gua, afetando a biodiversidade e colocando em risco as fontes de &aacute;gua pot&aacute;vel.</p>\r\n\r\n<p>A solu&ccedil;&atilde;o para o problema do lixo passa, em grande parte, pela educa&ccedil;&atilde;o e conscientiza&ccedil;&atilde;o da popula&ccedil;&atilde;o sobre a import&acirc;ncia da separa&ccedil;&atilde;o correta dos res&iacute;duos e da ado&ccedil;&atilde;o de pr&aacute;ticas sustent&aacute;veis. Iniciativas como a coleta seletiva e a compostagem t&ecirc;m ganhado espa&ccedil;o, especialmente em &aacute;reas urbanas, e s&atilde;o consideradas alternativas eficazes para reduzir o volume de res&iacute;duos enviados aos aterros sanit&aacute;rios.</p>\r\n\r\n<p>Bi&oacute;logos e cientistas ambientais tamb&eacute;m t&ecirc;m se debru&ccedil;ado sobre solu&ccedil;&otilde;es biol&oacute;gicas para o descarte de lixo, com foco em alternativas mais ecol&oacute;gicas e inovadoras. Algumas pesquisas recentes, por exemplo, est&atilde;o investigando o uso de organismos como fungos e bact&eacute;rias para a decomposi&ccedil;&atilde;o de pl&aacute;sticos e outros materiais que demorariam s&eacute;culos para se decompor naturalmente. &quot;Essas descobertas oferecem uma nova perspectiva sobre como tratar res&iacute;duos e acelerar o processo de decomposi&ccedil;&atilde;o de materiais sint&eacute;ticos&quot;, afirma Luiz Ribeiro, bi&oacute;logo especialista em biotecnologia ambiental.</p>\r\n\r\n<p>Outro ponto crucial para a gest&atilde;o do lixo no Brasil &eacute; a atua&ccedil;&atilde;o das empresas, que t&ecirc;m se tornado cada vez mais respons&aacute;veis pela destina&ccedil;&atilde;o correta dos produtos que fabricam. Programas de log&iacute;stica reversa, onde os fabricantes devem recolher e dar o destino adequado a seus produtos e embalagens ao final de sua vida &uacute;til, t&ecirc;m se expandido no pa&iacute;s, impulsionados por pol&iacute;ticas p&uacute;blicas como a Pol&iacute;tica Nacional de Res&iacute;duos S&oacute;lidos (PNRS).</p>\r\n\r\n<p>A reciclagem tamb&eacute;m surge como uma solu&ccedil;&atilde;o importante, mas com uma grande limita&ccedil;&atilde;o: o Brasil ainda recicla apenas cerca de 30% de seu lixo, um n&uacute;mero abaixo da m&eacute;dia mundial. Para que a reciclagem seja mais eficiente, &eacute; necess&aacute;rio um aprimoramento da infraestrutura e incentivo &agrave; ind&uacute;stria para que desenvolvam tecnologias que possam transformar esses materiais de maneira mais eficiente e em maior escala.</p>\r\n\r\n<p>Em um futuro pr&oacute;ximo, a educa&ccedil;&atilde;o ambiental, aliada a pol&iacute;ticas p&uacute;blicas mais rigorosas, inova&ccedil;&atilde;o tecnol&oacute;gica e a colabora&ccedil;&atilde;o entre diferentes setores da sociedade, ser&aacute; essencial para transformar a gest&atilde;o de res&iacute;duos no Brasil. O desafio &eacute; grande, mas com a&ccedil;&otilde;es concretas e uma mudan&ccedil;a de comportamento, &eacute; poss&iacute;vel reduzir o impacto do lixo no meio ambiente e construir um pa&iacute;s mais sustent&aacute;vel para as pr&oacute;ximas gera&ccedil;&otilde;es.</p>\r\n', 'IMAGEM_NOTA_640x440_5_32db52c1ef.jpg', 0, '2025-01-30 13:22:21'),
(18, 'Chuva forte provoca alagamentos e coloca São Paulo em estado de atenção', 'Moradores de Guarulhos, na Região Metropolitana, receberam notificação de \"alerta severo\"', '<p>A chuva que a tingiu S&atilde;o Paulo nesta quarta-feira (29) provocou alagamentos e transbordamento na capital paulista. Toda a cidade ficou sob estado de aten&ccedil;&atilde;o desde as 10h55 at&eacute; &agrave;s 17h11, segundo o Centro de Gerenciamento de Emerg&ecirc;ncias (CGE) da capital paulista.</p>\r\n\r\n<p>Os bairros do Itaim Paulista, no extremo da zona Leste, e Casa Verde e Santana, na zona Norte, ficaram sob alerta para transbordamentos para o c&oacute;rrego Mandaqui &ndash; na esquina da Rua Zilda com a Avenida Engenheiro Caetano &Aacute;lvares (subprefeitura de Santana e Casa Verde) e para o c&oacute;rrego Tr&ecirc;s Pontes &ndash; na Avenida Marechal Tito, altura do n&uacute;mero 4800, na divisa com Itaquaquecetuba (subprefeitura do Itaim Paulista).</p>\r\n\r\n<p>Choveu forte na zonas Sul, no Centro e em partes da zona Sudeste da capital, com registro de pontos transit&aacute;veis de chuva e alertas para rajadas de vento e queda de &aacute;rvores.</p>\r\n\r\n<p>De acordo com o Corpo de Bombeiros, at&eacute; 13h foram recebidos 25 chamados para queda de &aacute;rvores na capital e na Regi&atilde;o Metropolitana. Cinco chamados para enchentes ou inunda&ccedil;&otilde;es tamb&eacute;m foram registrados.</p>\r\n\r\n<p>Nos munic&iacute;pios de Guarulhos, Cotia, S&atilde;o Bernardo e Santo Andr&eacute;, tamb&eacute;m choveu forte. Moradores de Guarulhos receberam nos celulares uma notifica&ccedil;&atilde;o de &quot;alerta severo&quot;, emitido pela Defesa Civil estadual. &quot;H&aacute; risco para alagamentos e deslizamentos. Mantenha-se em local seguro&quot;, diz o texto.</p>\r\n\r\n<p>&nbsp;</p>\r\n\r\n<p><strong>O que fazer em casos de alagamentos?</strong></p>\r\n\r\n<ul>\r\n	<li>Evite transitar em ruas alagadas;</li>\r\n	<li>Se a chuva causou inunda&ccedil;&otilde;es, n&atilde;o se aventure a enfrentar correntezas;</li>\r\n	<li>Fique em lugar seguro. Se precisar, pe&ccedil;a ajuda;</li>\r\n	<li>Mantenha-se longe da rede el&eacute;trica e n&atilde;o pare debaixo de &aacute;rvores. Abrigue-se em casas e pr&eacute;dios;</li>\r\n	<li>Planeje suas viagens, para que haja menor possibilidade de enfrentar engarrafamentos causados por ruas bloqueadas;</li>\r\n	<li>Em caso de d&uacute;vida sobre vias bloqueadas, ligue para a central de atendimento da Companhia de Engenharia de Tr&aacute;fego (CET) atrav&eacute;s do n&uacute;mero 156 ou entre no site da CET para saber como est&aacute; o tr&acirc;nsito nas principais vias.</li>\r\n</ul>\r\n', 'chuvasp2_61085c2206.webp', 0, '2025-01-30 13:30:40'),
(19, 'Poluição do Ar no Brasil: Caminhos para um Futuro Mais Limpo', 'Uma das formas mais eficientes de combater a poluição atmosférica tem sido o aumento do uso de energias renováveis.', '<p>A polui&ccedil;&atilde;o do ar no Brasil tem ganhado destaque devido aos seus impactos diretos na sa&uacute;de p&uacute;blica e no meio ambiente. Nas grandes cidades, como S&atilde;o Paulo, Rio de Janeiro e Belo Horizonte, a qualidade do ar se deteriora constantemente, principalmente devido ao excesso de ve&iacute;culos movidos a combust&iacute;veis f&oacute;sseis, que liberam gases como di&oacute;xido de carbono (CO2), mon&oacute;xido de carbono (CO) e &oacute;xidos de nitrog&ecirc;nio (NOx). Esses poluentes n&atilde;o s&oacute; afetam o clima, mas tamb&eacute;m s&atilde;o respons&aacute;veis por diversas doen&ccedil;as respirat&oacute;rias e cardiovasculares.</p>\r\n\r\n<p>Uma das formas mais eficientes de combater a polui&ccedil;&atilde;o atmosf&eacute;rica tem sido o aumento do uso de energias renov&aacute;veis, como a solar e a e&oacute;lica, que substituem os combust&iacute;veis f&oacute;sseis e geram menos emiss&otilde;es. Em cidades como S&atilde;o Paulo, a ades&atilde;o a &ocirc;nibus el&eacute;tricos e a expans&atilde;o das ciclovias t&ecirc;m contribu&iacute;do para uma redu&ccedil;&atilde;o significativa da polui&ccedil;&atilde;o. Al&eacute;m disso, a implementa&ccedil;&atilde;o de pol&iacute;ticas de restri&ccedil;&atilde;o ao tr&aacute;fego de ve&iacute;culos mais poluentes, como ocorre em outras grandes metr&oacute;poles ao redor do mundo, tem mostrado bons resultados.</p>\r\n\r\n<p>A conscientiza&ccedil;&atilde;o tamb&eacute;m tem sido um pilar importante para a melhoria da qualidade do ar. O engajamento da popula&ccedil;&atilde;o com h&aacute;bitos mais sustent&aacute;veis, como o uso de transporte p&uacute;blico e a redu&ccedil;&atilde;o do consumo de energia el&eacute;trica, ajuda a diminuir as emiss&otilde;es. J&aacute; as campanhas educativas sobre os riscos da polui&ccedil;&atilde;o t&ecirc;m incentivado as pessoas a adotar pr&aacute;ticas como a separa&ccedil;&atilde;o correta do lixo e o consumo consciente de produtos.</p>\r\n\r\n<p>Em termos de regula&ccedil;&atilde;o, a fiscaliza&ccedil;&atilde;o mais rigorosa das emiss&otilde;es industriais e o incentivo &agrave; ado&ccedil;&atilde;o de tecnologias mais limpas t&ecirc;m mostrado resultados positivos. As ind&uacute;strias t&ecirc;m investido em processos mais eficientes e com menor emiss&atilde;o de poluentes, ajudando a reduzir os n&iacute;veis de contamina&ccedil;&atilde;o do ar, especialmente nas regi&otilde;es industriais do pa&iacute;s.</p>\r\n\r\n<p>Com o avan&ccedil;o da tecnologia e um comprometimento crescente por parte de governos, empresas e cidad&atilde;os, o Brasil est&aacute; no caminho certo para melhorar a qualidade do ar e garantir um futuro mais saud&aacute;vel e sustent&aacute;vel para suas popula&ccedil;&otilde;es urbanas e para o meio ambiente. A transforma&ccedil;&atilde;o j&aacute; est&aacute; em andamento, e os resultados positivos come&ccedil;am a se refletir na redu&ccedil;&atilde;o dos n&iacute;veis de polui&ccedil;&atilde;o e na melhoria da sa&uacute;de p&uacute;blica.</p>\r\n', 'air-air-pollution-chimney-clouds-459728.jpg', 0, '2025-01-30 13:33:04'),
(20, ' Oceanos Sob Ameaça', 'Aumento da Poluição Plástica e Novas Iniciativas para Mitigação', '<p>A polui&ccedil;&atilde;o pl&aacute;stica nos oceanos continua a ser uma das maiores amea&ccedil;as ambientais do s&eacute;culo XXI. Estima-se que, a cada minuto, cerca de 1 milh&atilde;o de garrafas pl&aacute;sticas s&atilde;o consumidas no mundo, e uma grande parte delas acaba nos mares e oceanos, prejudicando a vida marinha e os ecossistemas marinhos.</p>\r\n\r\n<p>De acordo com estudos recentes, mais de 8 milh&otilde;es de toneladas de pl&aacute;stico s&atilde;o despejadas no oceano anualmente, com impactos devastadores sobre esp&eacute;cies marinhas como tartarugas, peixes e aves. Micropl&aacute;sticos, que s&atilde;o fragmentos menores de pl&aacute;sticos, tamb&eacute;m est&atilde;o se tornando cada vez mais preocupantes, pois podem ser ingeridos por organismos marinhos e, eventualmente, afetar toda a cadeia alimentar.</p>\r\n\r\n<p>No entanto, h&aacute; sinais de esperan&ccedil;a. Iniciativas como a &quot;The Ocean Cleanup&quot;, que visa desenvolver tecnologia para remover pl&aacute;sticos flutuantes dos oceanos, est&atilde;o ganhando apoio internacional. Essa organiza&ccedil;&atilde;o criou um sistema de barreiras flutuantes que captura os pl&aacute;sticos no Pac&iacute;fico, um dos maiores dep&oacute;sitos de lixo pl&aacute;stico do mundo.</p>\r\n\r\n<p>Al&eacute;m disso, v&aacute;rias cidades e pa&iacute;ses est&atilde;o implementando pol&iacute;ticas mais rigorosas para reduzir o uso de pl&aacute;sticos descart&aacute;veis. A Uni&atilde;o Europeia, por exemplo, aprovou recentemente uma legisla&ccedil;&atilde;o que pro&iacute;be a venda de utens&iacute;lios pl&aacute;sticos descart&aacute;veis, como canudos, talheres e pratos. Pa&iacute;ses como a Costa Rica tamb&eacute;m est&atilde;o adotando pr&aacute;ticas mais sustent&aacute;veis, com o objetivo de se tornarem totalmente livres de pl&aacute;sticos at&eacute; 2025.</p>\r\n\r\n<p>Ativistas ambientais e cientistas continuam a pressionar por uma mudan&ccedil;a global mais profunda, que envolva a redu&ccedil;&atilde;o do consumo de pl&aacute;sticos, a melhoria da reciclagem e a promo&ccedil;&atilde;o de alternativas sustent&aacute;veis.</p>\r\n\r\n<p>Essa onda crescente de conscientiza&ccedil;&atilde;o e a&ccedil;&atilde;o est&aacute; gerando um movimento positivo para reverter o impacto da polui&ccedil;&atilde;o pl&aacute;stica nos oceanos, mas os especialistas alertam que a luta est&aacute; apenas come&ccedil;ando e exige uma colabora&ccedil;&atilde;o global urgente.</p>\r\n', 'brian-yurasits-wbxdff-4eg8-unsplash.webp', 0, '2025-01-30 14:02:10'),
(21, 'Revolução Verde nas Cidades', 'Iniciativas de Urbanismo Sustentável Ganhando Força', '<p>As grandes cidades ao redor do mundo est&atilde;o come&ccedil;ando a adotar solu&ccedil;&otilde;es inovadoras para combater os impactos ambientais do crescimento urbano. A tend&ecirc;ncia de &quot;urbanismo sustent&aacute;vel&quot; visa transformar as &aacute;reas urbanas em locais mais verdes, eficientes e resilientes frente aos desafios das mudan&ccedil;as clim&aacute;ticas.</p>\r\n\r\n<p>Uma das principais iniciativas &eacute; a cria&ccedil;&atilde;o de &quot;florestas urbanas&quot;, que consiste no plantio em larga escala de &aacute;rvores e vegeta&ccedil;&atilde;o nas cidades, com o objetivo de melhorar a qualidade do ar, reduzir a polui&ccedil;&atilde;o e criar espa&ccedil;os de lazer para os habitantes. Em cidades como Cingapura e Barcelona, os projetos de vegeta&ccedil;&atilde;o vertical t&ecirc;m se tornado populares, com pr&eacute;dios cobertos por jardins que ajudam a purificar o ar e a diminuir o efeito da &quot;ilha de calor&quot;.</p>\r\n\r\n<p>Outro exemplo interessante vem de cidades como Copenhague e Amsterd&atilde;, onde pol&iacute;ticas p&uacute;blicas incentivam o uso de transporte sustent&aacute;vel, como bicicletas, transporte p&uacute;blico eficiente e infraestrutura para ve&iacute;culos el&eacute;tricos. A constru&ccedil;&atilde;o de &quot;ciclovias verdes&quot; e o aumento das zonas de pedestres s&atilde;o iniciativas que buscam n&atilde;o s&oacute; reduzir a emiss&atilde;o de gases poluentes, mas tamb&eacute;m promover a sa&uacute;de e o bem-estar dos cidad&atilde;os.</p>\r\n\r\n<p>Al&eacute;m disso, muitas cidades est&atilde;o investindo na constru&ccedil;&atilde;o de edif&iacute;cios ecoeficientes, utilizando materiais sustent&aacute;veis e sistemas de energia renov&aacute;vel, como pain&eacute;is solares e sistemas de reaproveitamento de &aacute;gua da chuva. O objetivo &eacute; diminuir o impacto da constru&ccedil;&atilde;o civil no meio ambiente e promover o uso consciente dos recursos naturais.</p>\r\n\r\n<p>Esses avan&ccedil;os s&atilde;o vistos como uma resposta urgente &agrave; urbaniza&ccedil;&atilde;o crescente e aos efeitos das mudan&ccedil;as clim&aacute;ticas, al&eacute;m de representar uma forma de garantir uma maior qualidade de vida nas &aacute;reas urbanas. Contudo, especialistas alertam que &eacute; necess&aacute;rio mais investimento e um esfor&ccedil;o colaborativo entre governos, empresas e cidad&atilde;os para que as cidades realmente se tornem modelos de sustentabilidade e inova&ccedil;&atilde;o.</p>\r\n', 'urbanismo-sustentavel-cd9bdaca-1920w.webp', 0, '2025-01-30 14:03:09'),
(22, 'Alimentos Sustentáveis', ' A Revolução das Proteínas Alternativas e a Luta Contra o Desperdício Alimentar', '<p>A busca por solu&ccedil;&otilde;es alimentares mais sustent&aacute;veis tem ganhado for&ccedil;a &agrave; medida que o mundo enfrenta os desafios das mudan&ccedil;as clim&aacute;ticas e do crescimento populacional. Uma das maiores inova&ccedil;&otilde;es no setor de alimentos tem sido o desenvolvimento de prote&iacute;nas alternativas, como carnes &agrave; base de plantas, prote&iacute;nas cultivadas em laborat&oacute;rio e insetos comest&iacute;veis. Essas alternativas t&ecirc;m o potencial de reduzir drasticamente a pegada de carbono e os impactos ambientais da ind&uacute;stria aliment&iacute;cia tradicional, que &eacute; uma das maiores respons&aacute;veis pela emiss&atilde;o de gases de efeito estufa e pelo uso excessivo de recursos naturais.</p>\r\n\r\n<p>Empresas como Beyond Meat e Impossible Foods est&atilde;o revolucionando o mercado de carnes vegetais, criando produtos que imitam o sabor e a textura da carne de origem animal, mas com um impacto ambiental muito menor. Al&eacute;m disso, startups est&atilde;o explorando a produ&ccedil;&atilde;o de &quot;carne celular&quot;, cultivada diretamente de c&eacute;lulas animais, eliminando a necessidade de criar e matar animais para a produ&ccedil;&atilde;o de carne.</p>\r\n\r\n<p>Al&eacute;m das prote&iacute;nas alternativas, outra &aacute;rea que tem atra&iacute;do aten&ccedil;&atilde;o &eacute; o combate ao desperd&iacute;cio alimentar. Estima-se que cerca de um ter&ccedil;o de toda a comida produzida no mundo &eacute; perdida ou desperdi&ccedil;ada, gerando impactos negativos tanto no meio ambiente quanto na seguran&ccedil;a alimentar global. Em resposta, diversas iniciativas est&atilde;o sendo lan&ccedil;adas para reduzir esse desperd&iacute;cio, como aplicativos que conectam restaurantes e supermercados com consumidores para vender alimentos pr&oacute;ximos da data de vencimento a pre&ccedil;os mais baixos e com menos desperd&iacute;cio.</p>\r\n\r\n<p>No Brasil, a tecnologia para transformar frutas e vegetais excedentes em produtos como polpas e sucos tem ajudado a reduzir o desperd&iacute;cio de alimentos e a apoiar a economia local. Algumas empresas tamb&eacute;m est&atilde;o investindo em compostagem e em sistemas de reciclagem de alimentos para reduzir a quantidade de res&iacute;duos org&acirc;nicos que acabam em aterros.</p>\r\n\r\n<p>Esses movimentos s&atilde;o uma parte importante do esfor&ccedil;o global para criar um sistema alimentar mais justo e sustent&aacute;vel, equilibrando as necessidades de produ&ccedil;&atilde;o com os limites do planeta. A mudan&ccedil;a para alimentos mais sustent&aacute;veis n&atilde;o &eacute; apenas uma tend&ecirc;ncia crescente, mas uma necessidade urgente para garantir um futuro mais saud&aacute;vel e equilibrado para todos.</p>\r\n\r\n<p>&nbsp;</p>\r\n', 'Atitudes-sustentáveis-em-UAN.webp', 0, '2025-01-30 14:04:15'),
(23, 'O Papel das Águas Subterrâneas na Sustentabilidade Hídrica Global', 'A exploração excessiva das águas subterrâneas', '<p>&nbsp;</p>\r\n\r\n<p>Enquanto as mudan&ccedil;as clim&aacute;ticas alteram os padr&otilde;es de precipita&ccedil;&atilde;o e exacerbam as secas em diversas partes do mundo, as &aacute;guas subterr&acirc;neas t&ecirc;m se tornado um recurso essencial para garantir a seguran&ccedil;a h&iacute;drica. Elas representam cerca de 30% da &aacute;gua doce dispon&iacute;vel no planeta e, em muitas regi&otilde;es, s&atilde;o a principal fonte de abastecimento para popula&ccedil;&otilde;es que enfrentam escassez de &aacute;gua superficial, como rios e lagos.</p>\r\n\r\n<p>No entanto, a explora&ccedil;&atilde;o excessiva das &aacute;guas subterr&acirc;neas, muitas vezes sem a devida gest&atilde;o e monitoramento, tem gerado s&eacute;rios problemas. Em locais como o norte da &Iacute;ndia, o sul da Calif&oacute;rnia e partes do Oriente M&eacute;dio, a extra&ccedil;&atilde;o de &aacute;guas subterr&acirc;neas para a agricultura, ind&uacute;stria e consumo humano est&aacute; superando a capacidade de recarga natural dos aqu&iacute;feros, levando a uma diminui&ccedil;&atilde;o acelerada dos n&iacute;veis de &aacute;gua e at&eacute; mesmo ao fen&ocirc;meno conhecido como &quot;afundamento do solo&quot;, onde a terra cede devido &agrave; perda de &aacute;gua.</p>\r\n\r\n<p>Em resposta a essa situa&ccedil;&atilde;o, especialistas e organiza&ccedil;&otilde;es internacionais est&atilde;o desenvolvendo novas tecnologias e estrat&eacute;gias para proteger e gerenciar melhor as &aacute;guas subterr&acirc;neas. Uma dessas abordagens &eacute; o uso de tecnologias de monitoramento remoto, como sensores subterr&acirc;neos e sat&eacute;lites, para mapear os n&iacute;veis dos aqu&iacute;feros e detectar mudan&ccedil;as que possam indicar sobre-explora&ccedil;&atilde;o.</p>\r\n\r\n<p>Al&eacute;m disso, iniciativas de recarga artificial, onde a &aacute;gua das chuvas &eacute; direcionada para recarregar os aqu&iacute;feros de maneira controlada, t&ecirc;m sido implementadas em pa&iacute;ses como Israel e Austr&aacute;lia, ajudando a restaurar os recursos h&iacute;dricos de maneira sustent&aacute;vel.</p>\r\n\r\n<p>Os cientistas tamb&eacute;m destacam a import&acirc;ncia de uma gest&atilde;o integrada dos recursos h&iacute;dricos, que envolva a colabora&ccedil;&atilde;o entre governos, empresas e comunidades locais para garantir que as &aacute;guas subterr&acirc;neas sejam usadas de forma respons&aacute;vel e n&atilde;o apenas como uma fonte de &quot;&uacute;ltima inst&acirc;ncia&quot; durante os per&iacute;odos de seca.</p>\r\n\r\n<p>Com a crescente escassez de &aacute;gua em muitas regi&otilde;es do mundo, a preserva&ccedil;&atilde;o e o manejo adequado das &aacute;guas subterr&acirc;neas se tornam fundamentais para a seguran&ccedil;a h&iacute;drica futura e para garantir o acesso &agrave; &aacute;gua pot&aacute;vel para as gera&ccedil;&otilde;es vindouras.</p>\r\n', 'como-economiza-agua-em-casa_1.webp', 1, '2025-01-30 14:06:03'),
(24, 'A Importância dos Corais para a manutenção do Meio Ambiente', ' Iniciativas para Proteger os Recifes de Coral da Extinção', '<p>Os recifes de coral, conhecidos como &quot;florestas tropicais do mar&quot;, s&atilde;o ecossistemas marinhos incrivelmente ricos em biodiversidade. No entanto, eles est&atilde;o enfrentando uma grave amea&ccedil;a devido ao aumento da temperatura dos oceanos, polui&ccedil;&atilde;o e pr&aacute;ticas de pesca destrutivas. O aquecimento global tem causado o fen&ocirc;meno conhecido como &quot;branqueamento de corais&quot;, onde os corais perdem suas cores vibrantes e se tornam vulner&aacute;veis a doen&ccedil;as, o que pode levar &agrave; morte massiva dos recifes.</p>\r\n\r\n<p>Estudos recentes apontam que cerca de 50% dos recifes de corais ao redor do mundo j&aacute; foram perdidos nos &uacute;ltimos 30 anos, e a taxa de decl&iacute;nio continua acelerando. A perda desses ecossistemas n&atilde;o afeta apenas as esp&eacute;cies marinhas, mas tamb&eacute;m milh&otilde;es de pessoas que dependem dos recifes para sustento, turismo e prote&ccedil;&atilde;o costeira.</p>\r\n\r\n<p>Felizmente, uma s&eacute;rie de iniciativas globais est&aacute; sendo implementada para tentar reverter os danos e proteger os recifes restantes. Em locais como a Grande Barreira de Coral, na Austr&aacute;lia, cientistas est&atilde;o explorando t&eacute;cnicas de restaura&ccedil;&atilde;o, como a cria&ccedil;&atilde;o de &quot;corais resistentes&quot; por meio de cultivo de corais em viveiros marinhos e o repovoamento de &aacute;reas danificadas. Al&eacute;m disso, pesquisadores est&atilde;o utilizando a tecnologia para monitorar a sa&uacute;de dos recifes em tempo real, permitindo interven&ccedil;&otilde;es mais r&aacute;pidas em caso de estresse.</p>\r\n\r\n<p>A colabora&ccedil;&atilde;o internacional tamb&eacute;m tem sido crucial. Em 2022, l&iacute;deres de 50 pa&iacute;ses assinaram um compromisso global para proteger os oceanos e suas diversidades, incluindo os recifes de corais, como parte dos esfor&ccedil;os para alcan&ccedil;ar as metas do Acordo de Paris sobre mudan&ccedil;as clim&aacute;ticas.</p>\r\n\r\n<p>Al&eacute;m disso, algumas iniciativas de ecoturismo t&ecirc;m mostrado ser promissoras na conserva&ccedil;&atilde;o dos recifes. Projetos que incentivam o turismo respons&aacute;vel, com pr&aacute;ticas que n&atilde;o danifiquem os corais, como a instala&ccedil;&atilde;o de plataformas flutuantes e passeios guiados, t&ecirc;m ajudado a gerar receitas para projetos de preserva&ccedil;&atilde;o, ao mesmo tempo em que educam os visitantes sobre a import&acirc;ncia desses ecossistemas.</p>\r\n\r\n<p>Proteger os recifes de corais &eacute; fundamental para a preserva&ccedil;&atilde;o da biodiversidade marinha e o equil&iacute;brio dos oceanos. A combina&ccedil;&atilde;o de restaura&ccedil;&atilde;o, pol&iacute;ticas p&uacute;blicas e engajamento comunit&aacute;rio ser&aacute; essencial para garantir que esses ecossistemas, essenciais para o funcionamento da vida marinha e da vida humana, possam sobreviver &agrave;s mudan&ccedil;as impostas pelo aquecimento global.</p>\r\n', 'Corais e sua importância ao Meio Ambiente.png', 1, '2025-01-30 14:07:05'),
(25, 'Mesmo proibidos, lixões a céu aberto ainda ameaçam a saúde em um terço dos municípios brasileiros', 'Até 2024, aproximadamente 2,5 mil lixões precisam desaparecer do mapa. Especialistas não acreditam que isso vá acontecer.', '<p>Com o avan&ccedil;o tecnol&oacute;gico e o aumento do consumo de dispositivos eletr&ocirc;nicos, o problema do descarte eletr&ocirc;nico tem se tornado uma das maiores preocupa&ccedil;&otilde;es ambientais do s&eacute;culo XXI. Equipamentos como celulares, computadores, televisores e outros produtos eletr&ocirc;nicos, quando descartados de forma inadequada, podem causar s&eacute;rios danos ao meio ambiente e &agrave; sa&uacute;de humana, devido &agrave; presen&ccedil;a de subst&acirc;ncias t&oacute;xicas em sua composi&ccedil;&atilde;o, como merc&uacute;rio, chumbo e c&aacute;dmio.</p>\r\n\r\n<p>Estima-se que, a cada ano, sejam gerados cerca de 50 milh&otilde;es de toneladas de lixo eletr&ocirc;nico em todo o mundo. Apenas uma pequena fra&ccedil;&atilde;o desse material &eacute; reciclada corretamente. O Brasil, por exemplo, enfrenta desafios para lidar com a grande quantidade de res&iacute;duos eletr&ocirc;nicos produzidos, e a maior parte do lixo eletr&ocirc;nico acaba sendo descartada de maneira inadequada em aterros sanit&aacute;rios ou at&eacute; mesmo nas ruas, poluindo o solo e os recursos h&iacute;dricos.</p>\r\n\r\n<p>O impacto ambiental do descarte incorreto de lixo eletr&ocirc;nico &eacute; imenso. Quando os equipamentos n&atilde;o s&atilde;o reciclados adequadamente, as subst&acirc;ncias t&oacute;xicas presentes neles podem vazar e contaminar o solo e os corpos d&#39;&aacute;gua. Al&eacute;m disso, muitos desses produtos s&atilde;o compostos por materiais valiosos, como ouro, prata e cobre, que poderiam ser reaproveitados na fabrica&ccedil;&atilde;o de novos dispositivos, se reciclados corretamente.</p>\r\n\r\n<p>A reciclagem de lixo eletr&ocirc;nico, tamb&eacute;m conhecida como e-lixo, &eacute; uma alternativa crucial para reduzir os impactos ambientais e promover a economia circular. A pr&aacute;tica permite que materiais valiosos sejam recuperados e reutilizados, ao mesmo tempo em que evita a contamina&ccedil;&atilde;o do meio ambiente. O Brasil possui algumas iniciativas de reciclagem de lixo eletr&ocirc;nico, mas ainda est&aacute; longe de atingir a quantidade necess&aacute;ria para dar conta do volume de res&iacute;duos gerados.</p>\r\n\r\n<p>De acordo com a ABINEE (Associa&ccedil;&atilde;o Brasileira da Ind&uacute;stria El&eacute;trica e Eletr&ocirc;nica), o setor de reciclagem de lixo eletr&ocirc;nico no Brasil precisa se expandir significativamente. Al&eacute;m disso, &eacute; necess&aacute;rio que os consumidores sejam mais conscientes sobre a import&acirc;ncia de realizar o descarte correto de seus aparelhos eletr&ocirc;nicos, seja entregando-os a centros de coleta, seja participando de programas de log&iacute;stica reversa, que incentivam as empresas a recolherem e reciclarem os produtos ap&oacute;s o uso.</p>\r\n\r\n<p>&quot;&Eacute; essencial que a sociedade entenda a import&acirc;ncia de n&atilde;o descartar os eletr&ocirc;nicos de maneira inadequada. Al&eacute;m de prejudicar o meio ambiente, esse lixo tamb&eacute;m representa uma perda de materiais que poderiam ser reaproveitados&quot;, afirma Carlos Gomes, especialista em gest&atilde;o de res&iacute;duos eletr&ocirc;nicos.</p>\r\n\r\n<p>A log&iacute;stica reversa, prevista pela Lei de Res&iacute;duos S&oacute;lidos, obriga as empresas a gerenciar o descarte dos produtos ap&oacute;s o fim de sua vida &uacute;til. Em alguns estados brasileiros, como S&atilde;o Paulo e Rio de Janeiro, j&aacute; existem programas de coleta e reciclagem de lixo eletr&ocirc;nico, mas o alcance ainda &eacute; limitado.</p>\r\n\r\n<p>A solu&ccedil;&atilde;o para o problema do lixo eletr&ocirc;nico n&atilde;o est&aacute; apenas na reciclagem, mas tamb&eacute;m na redu&ccedil;&atilde;o do consumo e no incentivo ao uso de produtos mais dur&aacute;veis e repar&aacute;veis. A ind&uacute;stria de eletr&ocirc;nicos tamb&eacute;m tem o papel de inovar, desenvolvendo produtos com menos impacto ambiental e mais f&aacute;ceis de serem reciclados.</p>\r\n\r\n<p>O caminho para a redu&ccedil;&atilde;o do lixo eletr&ocirc;nico passa pela conscientiza&ccedil;&atilde;o de todos: governo, empresas e consumidores. Com pol&iacute;ticas p&uacute;blicas mais eficazes, educa&ccedil;&atilde;o ambiental e a implementa&ccedil;&atilde;o de tecnologias de reciclagem mais eficientes, podemos combater os danos causados pelo descarte inadequado de eletr&ocirc;nicos.</p>\r\n', 'lixao4k.jpg', 1, '2025-02-06 12:24:22');
INSERT INTO `noticias` (`id`, `titulo`, `subtitulo`, `conteudo`, `imagem_principal`, `em_destaque`, `data_criacao`) VALUES
(26, 'Descarte Eletrônico: Um Desafio para o Meio Ambiente e a Saúde Pública', 'O crescente problema do lixo eletrônico e como a reciclagem pode ajudar a mitigar os impactos ambientais.', '<p>Com o avan&ccedil;o tecnol&oacute;gico e o aumento do consumo de dispositivos eletr&ocirc;nicos, o problema do&nbsp;<strong>descarte eletr&ocirc;nico</strong>&nbsp;tem se tornado uma das maiores preocupa&ccedil;&otilde;es ambientais do s&eacute;culo XXI. Equipamentos como celulares, computadores, televisores e outros produtos eletr&ocirc;nicos, quando descartados de forma inadequada, podem causar s&eacute;rios danos ao meio ambiente e &agrave; sa&uacute;de humana, devido &agrave; presen&ccedil;a de subst&acirc;ncias t&oacute;xicas em sua composi&ccedil;&atilde;o, como merc&uacute;rio, chumbo e c&aacute;dmio.</p>\r\n\r\n<p>Estima-se que, a cada ano, sejam gerados cerca de&nbsp;<strong>50 milh&otilde;es de toneladas</strong>&nbsp;de lixo eletr&ocirc;nico em todo o mundo. Apenas uma pequena fra&ccedil;&atilde;o desse material &eacute; reciclada corretamente. O Brasil, por exemplo, enfrenta desafios para lidar com a grande quantidade de res&iacute;duos eletr&ocirc;nicos produzidos, e a maior parte do lixo eletr&ocirc;nico acaba sendo descartada de maneira inadequada em aterros sanit&aacute;rios ou at&eacute; mesmo nas ruas, poluindo o solo e os recursos h&iacute;dricos.</p>\r\n\r\n<p><strong>O impacto ambiental</strong>&nbsp;do descarte incorreto de lixo eletr&ocirc;nico &eacute; imenso. Quando os equipamentos n&atilde;o s&atilde;o reciclados adequadamente, as subst&acirc;ncias t&oacute;xicas presentes neles podem vazar e contaminar o solo e os corpos d&#39;&aacute;gua. Al&eacute;m disso, muitos desses produtos s&atilde;o compostos por materiais valiosos, como ouro, prata e cobre, que poderiam ser reaproveitados na fabrica&ccedil;&atilde;o de novos dispositivos, se reciclados corretamente.</p>\r\n\r\n<p>A reciclagem de lixo eletr&ocirc;nico, tamb&eacute;m conhecida como&nbsp;<strong>e-lixo</strong>, &eacute; uma alternativa crucial para reduzir os impactos ambientais e promover a economia circular. A pr&aacute;tica permite que materiais valiosos sejam recuperados e reutilizados, ao mesmo tempo em que evita a contamina&ccedil;&atilde;o do meio ambiente. O Brasil possui algumas iniciativas de reciclagem de lixo eletr&ocirc;nico, mas ainda est&aacute; longe de atingir a quantidade necess&aacute;ria para dar conta do volume de res&iacute;duos gerados.</p>\r\n\r\n<p>De acordo com a&nbsp;<strong>ABINEE (Associa&ccedil;&atilde;o Brasileira da Ind&uacute;stria El&eacute;trica e Eletr&ocirc;nica)</strong>, o setor de reciclagem de lixo eletr&ocirc;nico no Brasil precisa se expandir significativamente. Al&eacute;m disso, &eacute; necess&aacute;rio que os consumidores sejam mais conscientes sobre a import&acirc;ncia de realizar o descarte correto de seus aparelhos eletr&ocirc;nicos, seja entregando-os a centros de coleta, seja participando de programas de log&iacute;stica reversa, que incentivam as empresas a recolherem e reciclarem os produtos ap&oacute;s o uso.</p>\r\n\r\n<p>&quot;&Eacute; essencial que a sociedade entenda a import&acirc;ncia de n&atilde;o descartar os eletr&ocirc;nicos de maneira inadequada. Al&eacute;m de prejudicar o meio ambiente, esse lixo tamb&eacute;m representa uma perda de materiais que poderiam ser reaproveitados&quot;, afirma&nbsp;<strong>Carlos Gomes</strong>, especialista em gest&atilde;o de res&iacute;duos eletr&ocirc;nicos.</p>\r\n\r\n<p>A&nbsp;<strong>log&iacute;stica reversa</strong>, prevista pela Lei de Res&iacute;duos S&oacute;lidos, obriga as empresas a gerenciar o descarte dos produtos ap&oacute;s o fim de sua vida &uacute;til. Em alguns estados brasileiros, como S&atilde;o Paulo e Rio de Janeiro, j&aacute; existem programas de coleta e reciclagem de lixo eletr&ocirc;nico, mas o alcance ainda &eacute; limitado.</p>\r\n\r\n<p>A solu&ccedil;&atilde;o para o problema do lixo eletr&ocirc;nico n&atilde;o est&aacute; apenas na reciclagem, mas tamb&eacute;m na&nbsp;<strong>redu&ccedil;&atilde;o do consumo</strong>&nbsp;e no incentivo ao uso de produtos mais dur&aacute;veis e repar&aacute;veis. A ind&uacute;stria de eletr&ocirc;nicos tamb&eacute;m tem o papel de inovar, desenvolvendo produtos com menos impacto ambiental e mais f&aacute;ceis de serem reciclados.</p>\r\n\r\n<p>O caminho para a redu&ccedil;&atilde;o do lixo eletr&ocirc;nico passa pela conscientiza&ccedil;&atilde;o de todos: governo, empresas e consumidores. Com pol&iacute;ticas p&uacute;blicas mais eficazes, educa&ccedil;&atilde;o ambiental e a implementa&ccedil;&atilde;o de tecnologias de reciclagem mais eficientes, podemos combater os danos causados pelo descarte inadequado de eletr&ocirc;nicos.</p>\r\n', 'eletronico.jpg', 1, '2025-02-06 12:27:36');

-- --------------------------------------------------------

--
-- Estrutura para tabela `pagina`
--

CREATE TABLE `pagina` (
  `idPagina` int(11) NOT NULL,
  `nome` varchar(45) DEFAULT NULL,
  `descricao` varchar(45) DEFAULT NULL,
  `link` varchar(200) NOT NULL
) ENGINE=InnoDB DEFAULT CHARSET=utf8 COLLATE=utf8_general_ci;

--
-- Despejando dados para a tabela `pagina`
--

INSERT INTO `pagina` (`idPagina`, `nome`, `descricao`, `link`) VALUES
(1, 'Home', 'Página inicial', 'home.php'),
(2, 'Tipos de Resíduos', 'Informações sobre tipos de resíduos', 'residuos.php'),
(3, 'PNRS', 'Plano Nacional de Resíduos Sólidos', 'pnrs.php'),
(4, 'Cooperativas', 'Informações sobre cooperativas', 'cooperativas.php'),
(5, 'Sobre', 'Sobre nós', 'sobre.php'),
(6, 'Postar', 'Sistema de Postagens', 'postar.php'),
(7, 'Cadastro', 'Página de cadastro', 'cadastro.php'),
(8, 'Login', 'Página de login', 'login.php');

-- --------------------------------------------------------

--
-- Estrutura para tabela `perfil`
--

CREATE TABLE `perfil` (
  `idPerfil` int(11) NOT NULL,
  `nome` varchar(45) DEFAULT NULL,
  `descricao` varchar(45) DEFAULT NULL
) ENGINE=InnoDB DEFAULT CHARSET=utf8 COLLATE=utf8_general_ci;

--
-- Despejando dados para a tabela `perfil`
--

INSERT INTO `perfil` (`idPerfil`, `nome`, `descricao`) VALUES
(1, 'admin', 'administrador do sistema'),
(2, 'convidado', 'uso limitado do sistema');

-- --------------------------------------------------------

--
-- Estrutura para tabela `perfil_pagina`
--

CREATE TABLE `perfil_pagina` (
  `fkPerfil` int(11) NOT NULL,
  `fkPagina` int(11) NOT NULL
) ENGINE=InnoDB DEFAULT CHARSET=utf8 COLLATE=utf8_general_ci;

--
-- Despejando dados para a tabela `perfil_pagina`
--

INSERT INTO `perfil_pagina` (`fkPerfil`, `fkPagina`) VALUES
(1, 1),
(1, 2),
(1, 3),
(1, 4),
(1, 5),
(1, 6),
(1, 7),
(1, 8),
(2, 1),
(2, 2),
(2, 3),
(2, 4),
(2, 5),
(2, 7),
(2, 8);

-- --------------------------------------------------------

--
-- Estrutura para tabela `usuarios`
--

CREATE TABLE `usuarios` (
  `id` int(11) NOT NULL,
  `nome` varchar(250) NOT NULL,
  `email` varchar(250) NOT NULL,
  `senha` varchar(255) NOT NULL,
  `fkPerfil` int(11) NOT NULL,
  `created` datetime NOT NULL,
  `modified` datetime DEFAULT NULL
) ENGINE=InnoDB DEFAULT CHARSET=utf8mb4 COLLATE=utf8mb4_general_ci;

--
-- Despejando dados para a tabela `usuarios`
--

INSERT INTO `usuarios` (`id`, `nome`, `email`, `senha`, `fkPerfil`, `created`, `modified`) VALUES
(39, 'Kauan', 'kauan@gmail.com', '$2y$10$ovGSuly.AQseygxr2iGjCOCtySEfDE0Uh5SrulM.Ou81qxK9lFSd.', 2, '2024-11-26 21:59:55', NULL),
(41, 'Vinícius', 'vini@gmail.com', '$2y$10$.sbDdIga5tISZmOnSRTcY.Jgn8Jp3DGYOPnO9k7pbkx2oytJb3hIe', 1, '2025-02-06 19:15:20', NULL),
(42, 'João', 'joao@gmail.com', '$2y$10$w5pPUUo25o25N9XInstHou.jcKsiO8m9rrfaCoSK4KxB6j5sRFLSe', 2, '2025-02-06 19:36:47', NULL),
(43, 'Lucas', 'lucas@gmail.com', '$2y$10$3g160huId4VKDREpFyNSje0pFSR1g1Dax/Sge/oZcvPvMk0EAvVQO', 1, '2025-02-06 19:38:12', NULL);

--
-- Índices para tabelas despejadas
--

--
-- Índices de tabela `noticias`
--
ALTER TABLE `noticias`
  ADD PRIMARY KEY (`id`);

--
-- Índices de tabela `pagina`
--
ALTER TABLE `pagina`
  ADD PRIMARY KEY (`idPagina`);

--
-- Índices de tabela `perfil`
--
ALTER TABLE `perfil`
  ADD PRIMARY KEY (`idPerfil`);

--
-- Índices de tabela `perfil_pagina`
--
ALTER TABLE `perfil_pagina`
  ADD PRIMARY KEY (`fkPerfil`,`fkPagina`),
  ADD KEY `fk_Perfil_has_Pagina_Pagina_idx` (`fkPagina`),
  ADD KEY `fk_Perfil_has_Pagina_Perfil_idx` (`fkPerfil`);

--
-- Índices de tabela `usuarios`
--
ALTER TABLE `usuarios`
  ADD PRIMARY KEY (`id`);

--
-- AUTO_INCREMENT para tabelas despejadas
--

--
-- AUTO_INCREMENT de tabela `noticias`
--
ALTER TABLE `noticias`
  MODIFY `id` int(11) NOT NULL AUTO_INCREMENT, AUTO_INCREMENT=27;

--
-- AUTO_INCREMENT de tabela `usuarios`
--
ALTER TABLE `usuarios`
  MODIFY `id` int(11) NOT NULL AUTO_INCREMENT, AUTO_INCREMENT=44;

--
-- Restrições para tabelas despejadas
--

--
-- Restrições para tabelas `perfil_pagina`
--
ALTER TABLE `perfil_pagina`
  ADD CONSTRAINT `fk_Perfil_has_Pagina_Pagina1` FOREIGN KEY (`fkPagina`) REFERENCES `pagina` (`idPagina`) ON DELETE NO ACTION ON UPDATE NO ACTION;
COMMIT;

/*!40101 SET CHARACTER_SET_CLIENT=@OLD_CHARACTER_SET_CLIENT */;
/*!40101 SET CHARACTER_SET_RESULTS=@OLD_CHARACTER_SET_RESULTS */;
/*!40101 SET COLLATION_CONNECTION=@OLD_COLLATION_CONNECTION */;
